{
  "coefficients": {
    "intercept": 7.082985229834732,
    "surface_reelle_bati": 0.014508480165821298,
    "nombre_pieces_principales": 0.07785076456332886,
    "is_appartement": 0.37423644239533044,
    "section_location": 0.3526175821220245
  },
  "section_means": {
    "75115000CG": 12.823392080778504,
    "75115000CS": 12.768861145139253,
    "75115000AG": 13.01031275052049,
    "75115000CD": 13.166090519218331,
    "75115000AB": 13.095976718089002,
    "75115000DK": 12.781572692314489,
    "75115000DZ": 12.560787699075625,
    "75115000BS": 12.997274666613468,
    "75115000DP": 13.34068156151606,
    "75115000EI": 12.843770352258835,
    "75115000CP": 12.991716748481515,
    "75115000FT": 13.374934424501896,
    "75115000BY": 13.01920116078781,
    "75115000BX": 12.874643076943679,
    "75115000DW": 12.926838172971468,
    "75115000AF": 12.779679798630598,
    "75115000EJ": 12.983146729556186,
    "75115000EQ": 12.749090426273696,
    "75115000AQ": 12.662722604054515,
    "75115000BO": 12.634705296795312,
    "75115000CZ": 12.976886307097569,
    "75115000FZ": 13.257109425805096,
    "75115000BV": 12.877541589245599,
    "75115000BG": 12.812875233734786,
    "75115000CH": 12.959887142048697,
    "75115000CW": 13.297401422905324,
    "75115000BJ": 12.927256003319235,
    "75115000DF": 12.780280606244908,
    "75115000AJ": 12.583649793193256,
    "75115000BN": 13.11823223385515,
    "75115000AK": 13.01254295556069,
    "75115000EN": 12.861476408363224,
    "75115000FV": 13.010937085925814,
    "75115000EP": 13.10726463408363,
    "75115000BM": 12.886051527320813,
    "75115000DL": 12.919233775879224,
    "75115000AE": 12.935496903803886,
    "75115000EV": 12.999632927046084,
    "75115000EM": 12.775651995333996,
    "75115000CE": 12.744487601383842,
    "75115000BU": 12.909548921233672,
    "75115000BE": 13.008521281214525,
    "75115000BT": 13.026052423893605,
    "75115000CN": 13.188922294635638,
    "75115000EL": 12.829961664853997,
    "75115000CR": 12.740459883277056,
    "75115000ES": 13.139160796084592,
    "75115000DQ": 13.230220274634126,
    "75115000BP": 13.17936948204125,
    "75115000CX": 12.728264446401253,
    "75115000BQ": 12.950855689924822,
    "75115000DH": 13.259774464745314,
    "75115000CF": 13.137881237484404,
    "75115000EF": 13.098014894604106,
    "75115000CV": 12.665122902906706,
    "75115000DE": 13.41517858238119,
    "75115000EK": 12.690426243172707,
    "75115000ER": 12.787628607570586,
    "75115000AM": 12.91789460572425,
    "75115000EG": 12.961115874556686,
    "75115000EU": 12.917960269704771,
    "75115000CJ": 12.994108282729258,
    "75115000AH": 12.703521573581629,
    "75115000BF": 12.754804781237816,
    "75115000FX": 12.909619914647134,
    "75115000BL": 12.665852640118795,
    "75115000AD": 13.087128980620149,
    "75115000DM": 13.560429853298954,
    "75115000DJ": 12.782738426140016,
    "75115000AI": 12.780479067786613,
    "75115000BR": 13.045260240362396,
    "75115000BH": 12.859532641837236,
    "75115000ET": 13.377626775533944,
    "75115000AL": 12.99397387135891,
    "75115000DG": 12.91796487956369,
    "75115000BI": 12.75636215551799,
    "75115000FW": 13.1384414126669,
    "75115000DT": 13.094936048506367,
    "75115000DX": 13.083411657965938,
    "75115000DY": 12.940176456211722,
    "75115000CK": 12.982925481924172,
    "75115000AC": 13.02453562164548,
    "75115000DU": 13.265770777745848,
    "75115000DR": 13.109261346769363,
    "75115000CI": 13.046176431988444,
    "75115000DO": 13.076239594678855,
    "75115000CY": 13.170432728065075,
    "75115000GH": 13.018939476443334,
    "75115000EO": 13.038329908756722,
    "75115000DV": 13.002330781176218,
    "75115000BW": 13.029171737666736,
    "75115000BZ": 13.144136182961514,
    "75115000FQ": 12.990918680638956,
    "75115000AR": 12.510321360395357,
    "75115000BK": 12.788020343666261,
    "75115000DI": 13.137383146511878,
    "75115000CT": 13.168295775830792,
    "75115000CU": 13.211712947408845,
    "75115000EH": 12.928405822027974,
    "75115000AO": 12.432983460899461,
    "75115000DS": 13.11168484264845,
    "75115000CM": 13.236298968644558,
    "75115000CO": 12.858750592874156,
    "75115000AN": 12.594500174334085,
    "75115000CL": 13.025974610579562,
    "75115000EX": 12.79358779938237,
    "75115000AV": 13.025754435586443
  },
  "global_mean_log_price": 12.941101198570905,
  "section_smoothing_min": 5,
  "sigma": 0.6905548435724561,
  "n_train": 16084,
  "r_squared": 0.3694,
  "mae_eur": 188241.59,
  "trained_at": "2026-04-04T14:51:18.664870+00:00",
  "feature_names": [
    "surface_reelle_bati",
    "nombre_pieces_principales",
    "is_appartement",
    "section_location"
  ]
}